THD,T,Epsilon,Time
2,32,0.0001,1.10803
2,32,0.0001,1.10666
2,32,0.0001,1.10999
2,32,0.0001,1.10765
2,32,0.0001,1.10897
2,32,0.0001,1.11047
2,32,0.0001,1.10959
2,32,0.0001,1.10659
2,32,0.0001,1.11022
2,32,0.0001,1.10981
2,32,0.0001,1.10748
2,32,0.0001,1.11201
2,32,0.0001,1.109
2,32,0.0001,1.10727
2,32,0.0001,1.10871
2,32,0.0001,1.11195
2,32,0.0001,1.10886
2,32,0.0001,1.10726
2,32,0.0001,1.11036
2,32,0.0001,1.10688
2,32,0.0001,1.11125
2,32,0.0001,1.10962
2,32,0.0001,1.11162
2,32,0.0001,1.10971
2,32,0.0001,1.10953
2,32,0.0001,1.11012
2,32,0.0001,1.10704
2,32,0.0001,1.10891
2,32,0.0001,1.10915
2,32,0.0001,1.11085
2,32,0.0001,1.11157
2,32,0.0001,1.10865
2,32,0.0001,1.10955
2,32,0.0001,1.10603
2,32,0.0001,1.10947
2,32,0.0001,1.11066
2,32,0.0001,1.10838
2,32,0.0001,1.10952
2,32,0.0001,1.10643
2,32,0.0001,1.10766
2,32,0.0001,1.10686
2,32,0.0001,1.10854
2,32,0.0001,1.10723
2,32,0.0001,1.10367
2,32,0.0001,1.11152
2,32,0.0001,1.10638
2,32,0.0001,1.109
2,32,0.0001,1.1073
2,32,0.0001,1.10633
2,32,0.0001,1.11139
2,64,0.001,15.9861
2,64,0.001,15.9869
2,64,0.001,15.9929
2,64,0.001,16.0015
2,64,0.001,15.9998
2,64,0.001,16.0126
2,64,0.001,16.0084
2,64,0.001,16.0093
2,64,0.001,16.0118
2,64,0.001,16.013
2,64,0.001,16.0047
2,64,0.001,16.0169
2,64,0.001,16.0103
2,64,0.001,16.0066
2,64,0.001,16.0087
2,64,0.001,16.0107
2,64,0.001,16.0114
2,64,0.001,16.0125
2,64,0.001,16.0155
2,64,0.001,16.011
2,64,0.001,16.0095
2,64,0.001,16.001
2,64,0.001,16.0049
2,64,0.001,16.0024
2,64,0.001,16.0061
2,64,0.001,16.0091
2,64,0.001,15.9999
2,64,0.001,15.9817
2,64,0.001,15.9974
2,64,0.001,15.9978
2,64,0.001,15.9994
2,64,0.001,15.9964
2,64,0.001,16.0007
2,64,0.001,16.0002
2,64,0.001,16.0004
2,64,0.001,15.9949
2,64,0.001,15.9989
2,64,0.001,15.9939
2,64,0.001,16.0004
2,64,0.001,16.0007
2,64,0.001,16.0044
2,64,0.001,16.0034
2,64,0.001,15.9933
2,64,0.001,15.9916
2,64,0.001,15.9948
2,64,0.001,16.001
2,64,0.001,15.9997
2,64,0.001,15.9986
2,64,0.001,15.9964
2,64,0.001,15.9985
2,128,0.15,12.876
2,128,0.15,12.8759
2,128,0.15,12.8707
2,128,0.15,12.8662
2,128,0.15,12.8685
2,128,0.15,12.8734
2,128,0.15,12.8694
2,128,0.15,12.8677
2,128,0.15,12.8673
2,128,0.15,12.8753
2,128,0.15,12.865
2,128,0.15,12.8644
2,128,0.15,12.8642
2,128,0.15,12.8724
2,128,0.15,12.8624
2,128,0.15,12.8673
2,128,0.15,12.8624
2,128,0.15,12.8662
2,128,0.15,12.8686
2,128,0.15,12.8589
2,128,0.15,12.8594
2,128,0.15,12.8626
2,128,0.15,12.8727
2,128,0.15,12.8624
2,128,0.15,12.8567
2,128,0.15,12.8651
2,128,0.15,12.8761
2,128,0.15,12.8648
2,128,0.15,12.8643
2,128,0.15,12.8627
2,128,0.15,12.865
2,128,0.15,12.8594
2,128,0.15,12.8671
2,128,0.15,12.8604
2,128,0.15,12.8656
2,128,0.15,12.8697
2,128,0.15,12.8697
2,128,0.15,12.8693
2,128,0.15,12.8692
2,128,0.15,12.8646
2,128,0.15,12.8633
2,128,0.15,12.8605
2,128,0.15,12.8603
2,128,0.15,12.8611
2,128,0.15,12.8653
2,128,0.15,12.8596
2,128,0.15,12.8568
2,128,0.15,12.8677
2,128,0.15,12.8684
2,128,0.15,12.8546
2,256,0.2,16.5034
2,256,0.2,16.5056
2,256,0.2,16.511
2,256,0.2,16.5212
2,256,0.2,16.5058
2,256,0.2,16.5063
2,256,0.2,16.5089
2,256,0.2,16.515
2,256,0.2,16.5066
2,256,0.2,16.5057
2,256,0.2,16.5106
2,256,0.2,16.5074
2,256,0.2,16.5013
2,256,0.2,16.503
2,256,0.2,16.5104
2,256,0.2,16.5145
2,256,0.2,16.5079
2,256,0.2,16.5022
2,256,0.2,16.5117
2,256,0.2,16.5114
2,256,0.2,16.5147
2,256,0.2,16.5141
2,256,0.2,16.5093
2,256,0.2,16.5167
2,256,0.2,16.536
2,256,0.2,16.5099
2,256,0.2,16.5112
2,256,0.2,16.5107
2,256,0.2,16.5154
2,256,0.2,16.5138
2,256,0.2,16.5175
2,256,0.2,16.5174
2,256,0.2,16.5057
2,256,0.2,16.5093
2,256,0.2,16.5056
2,256,0.2,16.5169
2,256,0.2,16.5239
2,256,0.2,16.5086
2,256,0.2,16.506
2,256,0.2,16.5143
2,256,0.2,16.5103
2,256,0.2,16.5025
2,256,0.2,16.5056
2,256,0.2,16.506
2,256,0.2,16.5059
2,256,0.2,16.5126
2,256,0.2,16.5236
2,256,0.2,16.5088
2,256,0.2,16.5185
2,256,0.2,16.5072
2,512,0.35,14.5348
2,512,0.35,14.5334
2,512,0.35,14.5341
2,512,0.35,14.5304
2,512,0.35,14.534
2,512,0.35,14.5358
2,512,0.35,14.5483
2,512,0.35,14.5481
2,512,0.35,14.5447
2,512,0.35,14.543
2,512,0.35,14.5474
2,512,0.35,14.5439
2,512,0.35,14.547
2,512,0.35,14.5437
2,512,0.35,14.5455
2,512,0.35,14.5477
2,512,0.35,14.5457
2,512,0.35,14.5403
2,512,0.35,14.5461
2,512,0.35,14.543
2,512,0.35,14.5425
2,512,0.35,14.5427
2,512,0.35,14.5405
2,512,0.35,14.5412
2,512,0.35,14.5338
2,512,0.35,14.5323
2,512,0.35,14.5299
2,512,0.35,14.531
2,512,0.35,14.5309
2,512,0.35,14.5275
2,512,0.35,14.5242
2,512,0.35,14.5268
2,512,0.35,14.5482
2,512,0.35,14.5288
2,512,0.35,14.5265
2,512,0.35,14.5246
2,512,0.35,14.5234
2,512,0.35,14.5261
2,512,0.35,14.532
2,512,0.35,14.5324
2,512,0.35,14.5246
2,512,0.35,14.5249
2,512,0.35,14.5351
2,512,0.35,14.524
2,512,0.35,14.5225
2,512,0.35,14.5215
2,512,0.35,14.5298
2,512,0.35,14.5211
2,512,0.35,14.527
2,512,0.35,14.5283
2,1024,0.5,19.6648
2,1024,0.5,19.6746
2,1024,0.5,19.6534
2,1024,0.5,19.6642
2,1024,0.5,19.6657
2,1024,0.5,19.6468
2,1024,0.5,19.6584
2,1024,0.5,19.6829
2,1024,0.5,19.644
2,1024,0.5,19.6446
2,1024,0.5,19.6541
2,1024,0.5,19.6493
2,1024,0.5,19.6737
2,1024,0.5,19.6757
2,1024,0.5,19.6534
2,1024,0.5,19.6511
2,1024,0.5,19.6701
2,1024,0.5,19.6669
2,1024,0.5,19.6638
2,1024,0.5,19.6617
2,1024,0.5,19.6579
2,1024,0.5,19.6693
2,1024,0.5,19.6656
2,1024,0.5,19.6587
2,1024,0.5,19.6599
2,1024,0.5,19.6652
2,1024,0.5,19.6681
2,1024,0.5,19.6602
2,1024,0.5,19.676
2,1024,0.5,19.6825
2,1024,0.5,19.6697
2,1024,0.5,19.6612
2,1024,0.5,19.6446
2,1024,0.5,19.6411
2,1024,0.5,19.664
2,1024,0.5,19.6962
2,1024,0.5,19.6662
2,1024,0.5,19.6475
2,1024,0.5,19.6422
2,1024,0.5,19.6425
2,1024,0.5,19.6375
2,1024,0.5,19.6591
2,1024,0.5,19.6697
2,1024,0.5,19.6387
2,1024,0.5,19.6476
2,1024,0.5,19.6574
2,1024,0.5,19.6565
2,1024,0.5,19.6502
2,1024,0.5,19.6607
2,1024,0.5,19.6612
4,32,0.0001,0.742817
4,32,0.0001,0.744187
4,32,0.0001,0.744259
4,32,0.0001,0.742022
4,32,0.0001,0.741932
4,32,0.0001,0.74166
4,32,0.0001,0.74384
4,32,0.0001,0.743723
4,32,0.0001,0.742705
4,32,0.0001,0.743823
4,32,0.0001,0.7458
4,32,0.0001,0.743008
4,32,0.0001,0.74531
4,32,0.0001,0.745025
4,32,0.0001,0.743891
4,32,0.0001,0.743227
4,32,0.0001,0.741726
4,32,0.0001,0.743984
4,32,0.0001,0.743536
4,32,0.0001,0.744442
4,32,0.0001,0.743424
4,32,0.0001,0.744447
4,32,0.0001,0.743589
4,32,0.0001,0.745042
4,32,0.0001,0.742821
4,32,0.0001,0.743331
4,32,0.0001,0.742628
4,32,0.0001,0.743511
4,32,0.0001,0.743599
4,32,0.0001,0.744521
4,32,0.0001,0.743968
4,32,0.0001,0.744372
4,32,0.0001,0.741771
4,32,0.0001,0.743424
4,32,0.0001,0.742745
4,32,0.0001,0.74272
4,32,0.0001,0.744366
4,32,0.0001,0.743972
4,32,0.0001,0.7431
4,32,0.0001,0.743769
4,32,0.0001,0.7429
4,32,0.0001,0.744281
4,32,0.0001,0.743696
4,32,0.0001,0.743012
4,32,0.0001,0.742928
4,32,0.0001,0.743758
4,32,0.0001,0.743441
4,32,0.0001,0.743672
4,32,0.0001,0.743828
4,32,0.0001,0.742874
4,64,0.001,9.4533
4,64,0.001,9.44989
4,64,0.001,9.45115
4,64,0.001,9.44522
4,64,0.001,9.45106
4,64,0.001,9.4512
4,64,0.001,9.45217
4,64,0.001,9.45645
4,64,0.001,9.45169
4,64,0.001,9.46263
4,64,0.001,9.46076
4,64,0.001,9.46839
4,64,0.001,9.46458
4,64,0.001,9.45593
4,64,0.001,9.45705
4,64,0.001,9.4529
4,64,0.001,9.45409
4,64,0.001,9.45099
4,64,0.001,9.45341
4,64,0.001,9.45022
4,64,0.001,9.4475
4,64,0.001,9.45199
4,64,0.001,9.46226
4,64,0.001,9.45846
4,64,0.001,9.46156
4,64,0.001,9.45258
4,64,0.001,9.45726
4,64,0.001,9.45623
4,64,0.001,9.45191
4,64,0.001,9.45187
4,64,0.001,9.45639
4,64,0.001,9.45353
4,64,0.001,9.4596
4,64,0.001,9.45365
4,64,0.001,9.44938
4,64,0.001,9.44949
4,64,0.001,9.45072
4,64,0.001,9.45287
4,64,0.001,9.45086
4,64,0.001,9.45992
4,64,0.001,9.44703
4,64,0.001,9.44517
4,64,0.001,9.44474
4,64,0.001,9.45237
4,64,0.001,9.45123
4,64,0.001,9.44561
4,64,0.001,9.45953
4,64,0.001,9.44991
4,64,0.001,9.44708
4,64,0.001,9.44802
4,128,0.15,6.91972
4,128,0.15,6.91471
4,128,0.15,6.92323
4,128,0.15,6.92439
4,128,0.15,6.93245
4,128,0.15,6.92988
4,128,0.15,6.92995
4,128,0.15,6.92923
4,128,0.15,6.92939
4,128,0.15,6.9281
4,128,0.15,6.92657
4,128,0.15,6.93276
4,128,0.15,6.93309
4,128,0.15,6.93453
4,128,0.15,6.93072
4,128,0.15,6.93362
4,128,0.15,6.93805
4,128,0.15,6.93971
4,128,0.15,6.9324
4,128,0.15,6.95057
4,128,0.15,6.9336
4,128,0.15,6.93326
4,128,0.15,6.93698
4,128,0.15,6.94043
4,128,0.15,6.93831
4,128,0.15,6.93094
4,128,0.15,6.93583
4,128,0.15,6.93922
4,128,0.15,6.94236
4,128,0.15,6.94381
4,128,0.15,6.93114
4,128,0.15,6.92615
4,128,0.15,6.92756
4,128,0.15,6.92167
4,128,0.15,6.93327
4,128,0.15,6.93418
4,128,0.15,6.93256
4,128,0.15,6.92354
4,128,0.15,6.95244
4,128,0.15,6.93916
4,128,0.15,6.92817
4,128,0.15,6.93764
4,128,0.15,6.93682
4,128,0.15,6.9236
4,128,0.15,6.92333
4,128,0.15,6.93194
4,128,0.15,6.92475
4,128,0.15,6.9419
4,128,0.15,6.93153
4,128,0.15,6.94432
4,256,0.2,8.59318
4,256,0.2,8.59231
4,256,0.2,8.5901
4,256,0.2,8.5816
4,256,0.2,8.57367
4,256,0.2,8.57324
4,256,0.2,8.57301
4,256,0.2,8.58074
4,256,0.2,8.57533
4,256,0.2,8.56766
4,256,0.2,8.57102
4,256,0.2,8.58
4,256,0.2,8.58403
4,256,0.2,8.57805
4,256,0.2,8.58584
4,256,0.2,8.57914
4,256,0.2,8.57444
4,256,0.2,8.57954
4,256,0.2,8.58894
4,256,0.2,8.57999
4,256,0.2,8.578
4,256,0.2,8.57172
4,256,0.2,8.57551
4,256,0.2,8.58235
4,256,0.2,8.57764
4,256,0.2,8.57723
4,256,0.2,8.58229
4,256,0.2,8.58042
4,256,0.2,8.58029
4,256,0.2,8.56953
4,256,0.2,8.56865
4,256,0.2,8.57211
4,256,0.2,8.59037
4,256,0.2,8.58448
4,256,0.2,8.57775
4,256,0.2,8.5764
4,256,0.2,8.58762
4,256,0.2,8.59875
4,256,0.2,8.59899
4,256,0.2,8.58608
4,256,0.2,8.59189
4,256,0.2,8.57353
4,256,0.2,8.57841
4,256,0.2,8.58426
4,256,0.2,8.57094
4,256,0.2,8.57402
4,256,0.2,8.56994
4,256,0.2,8.572
4,256,0.2,8.59923
4,256,0.2,8.57317
4,512,0.35,7.68809
4,512,0.35,7.68726
4,512,0.35,7.68993
4,512,0.35,7.68704
4,512,0.35,7.69075
4,512,0.35,7.68544
4,512,0.35,7.68639
4,512,0.35,7.69017
4,512,0.35,7.68744
4,512,0.35,7.68675
4,512,0.35,7.6881
4,512,0.35,7.68073
4,512,0.35,7.68109
4,512,0.35,7.67706
4,512,0.35,7.67769
4,512,0.35,7.67811
4,512,0.35,7.68078
4,512,0.35,7.67706
4,512,0.35,7.68038
4,512,0.35,7.6841
4,512,0.35,7.67688
4,512,0.35,7.67996
4,512,0.35,7.67888
4,512,0.35,7.68029
4,512,0.35,7.69412
4,512,0.35,7.69924
4,512,0.35,7.69798
4,512,0.35,7.67735
4,512,0.35,7.67938
4,512,0.35,7.67864
4,512,0.35,7.68002
4,512,0.35,7.68581
4,512,0.35,7.67963
4,512,0.35,7.68221
4,512,0.35,7.68334
4,512,0.35,7.6794
4,512,0.35,7.68059
4,512,0.35,7.67575
4,512,0.35,7.67719
4,512,0.35,7.67813
4,512,0.35,7.67637
4,512,0.35,7.67632
4,512,0.35,7.6788
4,512,0.35,7.67881
4,512,0.35,7.68105
4,512,0.35,7.67969
4,512,0.35,7.67781
4,512,0.35,7.68463
4,512,0.35,7.67989
4,512,0.35,7.67655
4,1024,0.5,10.501
4,1024,0.5,10.4988
4,1024,0.5,10.5081
4,1024,0.5,10.5007
4,1024,0.5,10.4969
4,1024,0.5,10.4996
4,1024,0.5,10.5014
4,1024,0.5,10.4989
4,1024,0.5,10.5046
4,1024,0.5,10.4997
4,1024,0.5,10.5003
4,1024,0.5,10.4969
4,1024,0.5,10.5022
4,1024,0.5,10.498
4,1024,0.5,10.4965
4,1024,0.5,10.5077
4,1024,0.5,10.5047
4,1024,0.5,10.5091
4,1024,0.5,10.5089
4,1024,0.5,10.5132
4,1024,0.5,10.511
4,1024,0.5,10.5119
4,1024,0.5,10.5073
4,1024,0.5,10.5141
4,1024,0.5,10.5005
4,1024,0.5,10.4973
4,1024,0.5,10.5075
4,1024,0.5,10.5036
4,1024,0.5,10.5025
4,1024,0.5,10.5041
4,1024,0.5,10.5028
4,1024,0.5,10.5026
4,1024,0.5,10.509
4,1024,0.5,10.5072
4,1024,0.5,10.5084
4,1024,0.5,10.5041
4,1024,0.5,10.5074
4,1024,0.5,10.5036
4,1024,0.5,10.4957
4,1024,0.5,10.5005
4,1024,0.5,10.4997
4,1024,0.5,10.4996
4,1024,0.5,10.5035
4,1024,0.5,10.5039
4,1024,0.5,10.5008
4,1024,0.5,10.5067
4,1024,0.5,10.5035
4,1024,0.5,10.4888
4,1024,0.5,10.5049
4,1024,0.5,10.4905
8,32,0.0001,0.608094
8,32,0.0001,0.607652
8,32,0.0001,0.60743
8,32,0.0001,0.607237
8,32,0.0001,0.607474
8,32,0.0001,0.606858
8,32,0.0001,0.606905
8,32,0.0001,0.607129
8,32,0.0001,0.607069
8,32,0.0001,0.606804
8,32,0.0001,0.607192
8,32,0.0001,0.606875
8,32,0.0001,0.607592
8,32,0.0001,0.60716
8,32,0.0001,0.607017
8,32,0.0001,0.607284
8,32,0.0001,0.607154
8,32,0.0001,0.607363
8,32,0.0001,0.607556
8,32,0.0001,0.606708
8,32,0.0001,0.60705
8,32,0.0001,0.606923
8,32,0.0001,0.607387
8,32,0.0001,0.607047
8,32,0.0001,0.607307
8,32,0.0001,0.607382
8,32,0.0001,0.60699
8,32,0.0001,0.607227
8,32,0.0001,0.60721
8,32,0.0001,0.607074
8,32,0.0001,0.60681
8,32,0.0001,0.606657
8,32,0.0001,0.606948
8,32,0.0001,0.607371
8,32,0.0001,0.607358
8,32,0.0001,0.607532
8,32,0.0001,0.607315
8,32,0.0001,0.607084
8,32,0.0001,0.60719
8,32,0.0001,0.60693
8,32,0.0001,0.607726
8,32,0.0001,0.607216
8,32,0.0001,0.607285
8,32,0.0001,0.607535
8,32,0.0001,0.60695
8,32,0.0001,0.606664
8,32,0.0001,0.606913
8,32,0.0001,0.607156
8,32,0.0001,0.606743
8,32,0.0001,0.606816
8,64,0.001,6.85386
8,64,0.001,6.8552
8,64,0.001,6.85569
8,64,0.001,6.85377
8,64,0.001,6.8547
8,64,0.001,6.85355
8,64,0.001,6.8538
8,64,0.001,6.85532
8,64,0.001,6.85279
8,64,0.001,6.85445
8,64,0.001,6.85385
8,64,0.001,6.85416
8,64,0.001,6.85582
8,64,0.001,6.85671
8,64,0.001,6.85567
8,64,0.001,6.86055
8,64,0.001,6.85796
8,64,0.001,6.86084
8,64,0.001,6.85637
8,64,0.001,6.85722
8,64,0.001,6.85367
8,64,0.001,6.85627
8,64,0.001,6.85979
8,64,0.001,6.85394
8,64,0.001,6.85457
8,64,0.001,6.85587
8,64,0.001,6.85599
8,64,0.001,6.85621
8,64,0.001,6.85595
8,64,0.001,6.85716
8,64,0.001,6.85774
8,64,0.001,6.85458
8,64,0.001,6.85436
8,64,0.001,6.85473
8,64,0.001,6.85433
8,64,0.001,6.8545
8,64,0.001,6.85564
8,64,0.001,6.85989
8,64,0.001,6.85459
8,64,0.001,6.8599
8,64,0.001,6.85874
8,64,0.001,6.85538
8,64,0.001,6.86063
8,64,0.001,6.85819
8,64,0.001,6.85572
8,64,0.001,6.85516
8,64,0.001,6.85745
8,64,0.001,6.85698
8,64,0.001,6.85577
8,64,0.001,6.8571
8,128,0.15,4.18221
8,128,0.15,4.17996
8,128,0.15,4.18333
8,128,0.15,4.1875
8,128,0.15,4.18343
8,128,0.15,4.18346
8,128,0.15,4.17789
8,128,0.15,4.184
8,128,0.15,4.18255
8,128,0.15,4.18499
8,128,0.15,4.17891
8,128,0.15,4.17549
8,128,0.15,4.18178
8,128,0.15,4.17995
8,128,0.15,4.18157
8,128,0.15,4.19328
8,128,0.15,4.18299
8,128,0.15,4.18536
8,128,0.15,4.18167
8,128,0.15,4.17974
8,128,0.15,4.17627
8,128,0.15,4.18055
8,128,0.15,4.17904
8,128,0.15,4.17894
8,128,0.15,4.18243
8,128,0.15,4.18079
8,128,0.15,4.18143
8,128,0.15,4.18254
8,128,0.15,4.18048
8,128,0.15,4.17974
8,128,0.15,4.17801
8,128,0.15,4.17927
8,128,0.15,4.18098
8,128,0.15,4.18294
8,128,0.15,4.1809
8,128,0.15,4.17787
8,128,0.15,4.18098
8,128,0.15,4.17872
8,128,0.15,4.17438
8,128,0.15,4.17772
8,128,0.15,4.17883
8,128,0.15,4.17903
8,128,0.15,4.17856
8,128,0.15,4.17921
8,128,0.15,4.17716
8,128,0.15,4.17893
8,128,0.15,4.17802
8,128,0.15,4.17895
8,128,0.15,4.17846
8,128,0.15,4.17826
8,256,0.2,4.94765
8,256,0.2,4.95188
8,256,0.2,4.95396
8,256,0.2,4.95327
8,256,0.2,4.94991
8,256,0.2,4.9479
8,256,0.2,4.94659
8,256,0.2,4.95247
8,256,0.2,4.94978
8,256,0.2,4.94784
8,256,0.2,4.95693
8,256,0.2,4.95516
8,256,0.2,4.94686
8,256,0.2,4.95135
8,256,0.2,4.94819
8,256,0.2,4.95173
8,256,0.2,4.95005
8,256,0.2,4.9493
8,256,0.2,4.95114
8,256,0.2,4.946
8,256,0.2,4.94137
8,256,0.2,4.93435
8,256,0.2,4.9347
8,256,0.2,4.93042
8,256,0.2,4.92794
8,256,0.2,4.93285
8,256,0.2,4.93253
8,256,0.2,4.94462
8,256,0.2,4.9472
8,256,0.2,4.9466
8,256,0.2,4.95002
8,256,0.2,4.95697
8,256,0.2,4.94711
8,256,0.2,4.94473
8,256,0.2,4.94933
8,256,0.2,4.94751
8,256,0.2,4.94159
8,256,0.2,4.93913
8,256,0.2,4.94723
8,256,0.2,4.9485
8,256,0.2,4.94425
8,256,0.2,4.94433
8,256,0.2,4.94928
8,256,0.2,4.94559
8,256,0.2,4.94328
8,256,0.2,4.95379
8,256,0.2,4.94748
8,256,0.2,4.94798
8,256,0.2,4.9466
8,256,0.2,4.94324
8,512,0.35,3.96497
8,512,0.35,3.96817
8,512,0.35,3.96405
8,512,0.35,3.96274
8,512,0.35,3.96761
8,512,0.35,3.9649
8,512,0.35,3.96779
8,512,0.35,3.96588
8,512,0.35,3.96479
8,512,0.35,3.96602
8,512,0.35,3.96712
8,512,0.35,3.96244
8,512,0.35,3.96456
8,512,0.35,3.96691
8,512,0.35,3.96474
8,512,0.35,3.96593
8,512,0.35,3.96479
8,512,0.35,3.9644
8,512,0.35,3.96477
8,512,0.35,3.96655
8,512,0.35,3.96534
8,512,0.35,3.96527
8,512,0.35,3.96532
8,512,0.35,3.96643
8,512,0.35,3.96535
8,512,0.35,3.96242
8,512,0.35,3.96708
8,512,0.35,3.96444
8,512,0.35,3.96563
8,512,0.35,3.96321
8,512,0.35,3.96415
8,512,0.35,3.96262
8,512,0.35,3.96733
8,512,0.35,3.96692
8,512,0.35,3.96448
8,512,0.35,3.96483
8,512,0.35,3.96755
8,512,0.35,3.96274
8,512,0.35,3.96371
8,512,0.35,3.96363
8,512,0.35,3.96327
8,512,0.35,3.96534
8,512,0.35,3.96484
8,512,0.35,3.96508
8,512,0.35,3.96525
8,512,0.35,3.9665
8,512,0.35,3.96275
8,512,0.35,3.96388
8,512,0.35,3.9744
8,512,0.35,3.96414
8,1024,0.5,5.38461
8,1024,0.5,5.37774
8,1024,0.5,5.37353
8,1024,0.5,5.3791
8,1024,0.5,5.38178
8,1024,0.5,5.37702
8,1024,0.5,5.38563
8,1024,0.5,5.37691
8,1024,0.5,5.38158
8,1024,0.5,5.38525
8,1024,0.5,5.38598
8,1024,0.5,5.37907
8,1024,0.5,5.38102
8,1024,0.5,5.37938
8,1024,0.5,5.37627
8,1024,0.5,5.38313
8,1024,0.5,5.37792
8,1024,0.5,5.38087
8,1024,0.5,5.38052
8,1024,0.5,5.37846
8,1024,0.5,5.38204
8,1024,0.5,5.37714
8,1024,0.5,5.38377
8,1024,0.5,5.38712
8,1024,0.5,5.38242
8,1024,0.5,5.38421
8,1024,0.5,5.37821
8,1024,0.5,5.38109
8,1024,0.5,5.38189
8,1024,0.5,5.38531
8,1024,0.5,5.38704
8,1024,0.5,5.38573
8,1024,0.5,5.38771
8,1024,0.5,5.37824
8,1024,0.5,5.38829
8,1024,0.5,5.38124
8,1024,0.5,5.38228
8,1024,0.5,5.38179
8,1024,0.5,5.39019
8,1024,0.5,5.38604
8,1024,0.5,5.39017
8,1024,0.5,5.38637
8,1024,0.5,5.38623
8,1024,0.5,5.38311
8,1024,0.5,5.38039
8,1024,0.5,5.38433
8,1024,0.5,5.38281
8,1024,0.5,5.38502
8,1024,0.5,5.38437
8,1024,0.5,5.38382
16,32,0.0001,0.607088
16,32,0.0001,0.60724
16,32,0.0001,0.606967
16,32,0.0001,0.606916
16,32,0.0001,0.607108
16,32,0.0001,0.606854
16,32,0.0001,0.606912
16,32,0.0001,0.606934
16,32,0.0001,0.607282
16,32,0.0001,0.607421
16,32,0.0001,0.607249
16,32,0.0001,0.606911
16,32,0.0001,0.606865
16,32,0.0001,0.607127
16,32,0.0001,0.607222
16,32,0.0001,0.607163
16,32,0.0001,0.607281
16,32,0.0001,0.607115
16,32,0.0001,0.607118
16,32,0.0001,0.607291
16,32,0.0001,0.607019
16,32,0.0001,0.607892
16,32,0.0001,0.608176
16,32,0.0001,0.607048
16,32,0.0001,0.607374
16,32,0.0001,0.607315
16,32,0.0001,0.606826
16,32,0.0001,0.606909
16,32,0.0001,0.607215
16,32,0.0001,0.607083
16,32,0.0001,0.607098
16,32,0.0001,0.606934
16,32,0.0001,0.606882
16,32,0.0001,0.607166
16,32,0.0001,0.607283
16,32,0.0001,0.606869
16,32,0.0001,0.607023
16,32,0.0001,0.606986
16,32,0.0001,0.606878
16,32,0.0001,0.607016
16,32,0.0001,0.606889
16,32,0.0001,0.606479
16,32,0.0001,0.606683
16,32,0.0001,0.606473
16,32,0.0001,0.606618
16,32,0.0001,0.606864
16,32,0.0001,0.606873
16,32,0.0001,0.606759
16,32,0.0001,0.606813
16,32,0.0001,0.606724
16,64,0.001,5.69954
16,64,0.001,5.69832
16,64,0.001,5.70252
16,64,0.001,5.70324
16,64,0.001,5.70291
16,64,0.001,5.70542
16,64,0.001,5.7077
16,64,0.001,5.70802
16,64,0.001,5.70854
16,64,0.001,5.71005
16,64,0.001,5.70892
16,64,0.001,5.71021
16,64,0.001,5.70823
16,64,0.001,5.70636
16,64,0.001,5.71033
16,64,0.001,5.70982
16,64,0.001,5.70388
16,64,0.001,5.70769
16,64,0.001,5.70516
16,64,0.001,5.70598
16,64,0.001,5.70468
16,64,0.001,5.70501
16,64,0.001,5.70356
16,64,0.001,5.70779
16,64,0.001,5.70477
16,64,0.001,5.70072
16,64,0.001,5.70596
16,64,0.001,5.70081
16,64,0.001,5.70293
16,64,0.001,5.7026
16,64,0.001,5.70274
16,64,0.001,5.70757
16,64,0.001,5.70171
16,64,0.001,5.702
16,64,0.001,5.70455
16,64,0.001,5.70167
16,64,0.001,5.70604
16,64,0.001,5.7032
16,64,0.001,5.7066
16,64,0.001,5.70627
16,64,0.001,5.70542
16,64,0.001,5.70282
16,64,0.001,5.70503
16,64,0.001,5.70664
16,64,0.001,5.70402
16,64,0.001,5.70805
16,64,0.001,5.70688
16,64,0.001,5.70703
16,64,0.001,5.70602
16,64,0.001,5.70732
16,128,0.15,2.61722
16,128,0.15,2.61771
16,128,0.15,2.64384
16,128,0.15,2.59446
16,128,0.15,2.59444
16,128,0.15,2.59589
16,128,0.15,2.59315
16,128,0.15,2.59318
16,128,0.15,2.5933
16,128,0.15,2.59279
16,128,0.15,2.5935
16,128,0.15,2.59664
16,128,0.15,2.59297
16,128,0.15,2.59315
16,128,0.15,2.59259
16,128,0.15,2.59507
16,128,0.15,2.59516
16,128,0.15,2.59465
16,128,0.15,2.59471
16,128,0.15,2.59397
16,128,0.15,2.5943
16,128,0.15,2.59345
16,128,0.15,2.59316
16,128,0.15,2.59368
16,128,0.15,2.59468
16,128,0.15,2.59631
16,128,0.15,2.59638
16,128,0.15,2.59648
16,128,0.15,2.59505
16,128,0.15,2.59531
16,128,0.15,2.59544
16,128,0.15,2.59569
16,128,0.15,2.59576
16,128,0.15,2.59574
16,128,0.15,2.59553
16,128,0.15,2.59485
16,128,0.15,2.59343
16,128,0.15,2.59302
16,128,0.15,2.59426
16,128,0.15,2.59407
16,128,0.15,2.5964
16,128,0.15,2.59449
16,128,0.15,2.59364
16,128,0.15,2.59589
16,128,0.15,2.59735
16,128,0.15,2.5996
16,128,0.15,2.59751
16,128,0.15,2.59567
16,128,0.15,2.59383
16,128,0.15,2.59397
16,256,0.2,2.82402
16,256,0.2,2.8243
16,256,0.2,2.82106
16,256,0.2,2.82226
16,256,0.2,2.82217
16,256,0.2,2.82469
16,256,0.2,2.82417
16,256,0.2,2.82039
16,256,0.2,2.8223
16,256,0.2,2.82148
16,256,0.2,2.82298
16,256,0.2,2.82047
16,256,0.2,2.82121
16,256,0.2,2.82327
16,256,0.2,2.82537
16,256,0.2,2.82626
16,256,0.2,2.82487
16,256,0.2,2.82358
16,256,0.2,2.82117
16,256,0.2,2.82294
16,256,0.2,2.8273
16,256,0.2,2.82414
16,256,0.2,2.82544
16,256,0.2,2.82754
16,256,0.2,2.82495
16,256,0.2,2.82394
16,256,0.2,2.82691
16,256,0.2,2.82075
16,256,0.2,2.82243
16,256,0.2,2.82218
16,256,0.2,2.81924
16,256,0.2,2.83517
16,256,0.2,2.8403
16,256,0.2,2.82483
16,256,0.2,2.82398
16,256,0.2,2.8248
16,256,0.2,2.8242
16,256,0.2,2.8237
16,256,0.2,2.82442
16,256,0.2,2.82788
16,256,0.2,2.82909
16,256,0.2,2.82733
16,256,0.2,2.82861
16,256,0.2,2.82492
16,256,0.2,2.82468
16,256,0.2,2.82525
16,256,0.2,2.82337
16,256,0.2,2.82451
16,256,0.2,2.82782
16,256,0.2,2.82597
16,512,0.35,2.19182
16,512,0.35,2.19049
16,512,0.35,2.19088
16,512,0.35,2.18983
16,512,0.35,2.18865
16,512,0.35,2.19008
16,512,0.35,2.20622
16,512,0.35,2.18921
16,512,0.35,2.19681
16,512,0.35,2.18905
16,512,0.35,2.19209
16,512,0.35,2.19254
16,512,0.35,2.18926
16,512,0.35,2.18935
16,512,0.35,2.18928
16,512,0.35,2.18893
16,512,0.35,2.1901
16,512,0.35,2.188
16,512,0.35,2.19025
16,512,0.35,2.18903
16,512,0.35,2.19122
16,512,0.35,2.18989
16,512,0.35,2.18811
16,512,0.35,2.18799
16,512,0.35,2.18855
16,512,0.35,2.18954
16,512,0.35,2.1885
16,512,0.35,2.18998
16,512,0.35,2.18984
16,512,0.35,2.18967
16,512,0.35,2.19169
16,512,0.35,2.18913
16,512,0.35,2.18924
16,512,0.35,2.19202
16,512,0.35,2.19095
16,512,0.35,2.18922
16,512,0.35,2.18965
16,512,0.35,2.18888
16,512,0.35,2.18921
16,512,0.35,2.19273
16,512,0.35,2.18949
16,512,0.35,2.19001
16,512,0.35,2.19146
16,512,0.35,2.19046
16,512,0.35,2.1901
16,512,0.35,2.19176
16,512,0.35,2.18978
16,512,0.35,2.1901
16,512,0.35,2.18851
16,512,0.35,2.18988
16,1024,0.5,2.88452
16,1024,0.5,2.88552
16,1024,0.5,2.88467
16,1024,0.5,2.88512
16,1024,0.5,2.88452
16,1024,0.5,2.88362
16,1024,0.5,2.8849
16,1024,0.5,2.88273
16,1024,0.5,2.88477
16,1024,0.5,2.88526
16,1024,0.5,2.88732
16,1024,0.5,2.8861
16,1024,0.5,2.88666
16,1024,0.5,2.88423
16,1024,0.5,2.88288
16,1024,0.5,2.88319
16,1024,0.5,2.88865
16,1024,0.5,2.88342
16,1024,0.5,2.88349
16,1024,0.5,2.88295
16,1024,0.5,2.88311
16,1024,0.5,2.8844
16,1024,0.5,2.88521
16,1024,0.5,2.88328
16,1024,0.5,2.88598
16,1024,0.5,2.88374
16,1024,0.5,2.88304
16,1024,0.5,2.88448
16,1024,0.5,2.88411
16,1024,0.5,2.88067
16,1024,0.5,2.88304
16,1024,0.5,2.88272
16,1024,0.5,2.88242
16,1024,0.5,2.88311
16,1024,0.5,2.88418
16,1024,0.5,2.8836
16,1024,0.5,2.8845
16,1024,0.5,2.88313
16,1024,0.5,2.88207
16,1024,0.5,2.88115
16,1024,0.5,2.881
16,1024,0.5,2.88443
16,1024,0.5,2.88503
16,1024,0.5,2.8835
16,1024,0.5,2.88208
16,1024,0.5,2.88442
16,1024,0.5,2.88276
16,1024,0.5,2.88339
16,1024,0.5,2.88157
16,1024,0.5,2.88529
